{
  "formatVersion": 1,
  "database": {
    "version": 1,
    "identityHash": "0f46ab749cbca7c5449026e262c65796",
    "entities": [
      {
        "tableName": "trains",
        "createSql": "CREATE TABLE IF NOT EXISTS `${TABLE_NAME}` (`id` INTEGER PRIMARY KEY AUTOINCREMENT NOT NULL, `trainNumber` TEXT NOT NULL, `trainName` TEXT NOT NULL, `departureCity` TEXT NOT NULL, `arrivalCity` TEXT NOT NULL)",
        "fields": [
          {
            "fieldPath": "id",
            "columnName": "id",
            "affinity": "INTEGER",
            "notNull": true
          },
          {
            "fieldPath": "trainNumber",
            "columnName": "trainNumber",
            "affinity": "TEXT",
            "notNull": true
          },
          {
            "fieldPath": "trainName",
            "columnName": "trainName",
            "affinity": "TEXT",
            "notNull": true
          },
          {
            "fieldPath": "departureCity",
            "columnName": "departureCity",
            "affinity": "TEXT",
            "notNull": true
          },
          {
            "fieldPath": "arrivalCity",
            "columnName": "arrivalCity",
            "affinity": "TEXT",
            "notNull": true
          }
        ],
        "primaryKey": {
          "autoGenerate": true,
          "columnNames": [
            "id"
          ]
        },
        "indices": [],
        "foreignKeys": []
      },
      {
        "tableName": "menu_items",
        "createSql": "CREATE TABLE IF NOT EXISTS `${TABLE_NAME}` (`id` INTEGER PRIMARY KEY AUTOINCREMENT NOT NULL, `trainId` INTEGER NOT NULL, `category` TEXT NOT NULL, `name` TEXT NOT NULL, `description` TEXT NOT NULL, `imageResName` TEXT NOT NULL, `availableQuantity` INTEGER NOT NULL)",
        "fields": [
          {
            "fieldPath": "id",
            "columnName": "id",
            "affinity": "INTEGER",
            "notNull": true
          },
          {
            "fieldPath": "trainId",
            "columnName": "trainId",
            "affinity": "INTEGER",
            "notNull": true
          },
          {
            "fieldPath": "category",
            "columnName": "category",
            "affinity": "TEXT",
            "notNull": true
          },
          {
            "fieldPath": "name",
            "columnName": "name",
            "affinity": "TEXT",
            "notNull": true
          },
          {
            "fieldPath": "description",
            "columnName": "description",
            "affinity": "TEXT",
            "notNull": true
          },
          {
            "fieldPath": "imageResName",
            "columnName": "imageResName",
            "affinity": "TEXT",
            "notNull": true
          },
          {
            "fieldPath": "availableQuantity",
            "columnName": "availableQuantity",
            "affinity": "INTEGER",
            "notNull": true
          }
        ],
        "primaryKey": {
          "autoGenerate": true,
          "columnNames": [
            "id"
          ]
        },
        "indices": [],
        "foreignKeys": []
      }
    ],
    "views": [],
    "setupQueries": [
      "CREATE TABLE IF NOT EXISTS room_master_table (id INTEGER PRIMARY KEY,identity_hash TEXT)",
      "INSERT OR REPLACE INTO room_master_table (id,identity_hash) VALUES(42, '0f46ab749cbca7c5449026e262c65796')"
    ]
  }
}